Tournament,Matchday,Date,Venue,Club,Opponent,Result,Position,Minute,When Scored,Goal Type,Assist
Betclic 1 Liga ,1,7/29/07,Away,Znicz Pruszkow,Pelikan Lowicz,0:2,CF,90',0:2,Not reported,Not Applicable
Betclic 1 Liga ,2,8/5/07,Home,Znicz Pruszkow,Kmita Zabierzów,4:0,CF,77',4:0,Not reported,Not Applicable
Betclic 1 Liga ,3,8/8/07,Away,Znicz Pruszkow,GKS Katowice,1:2,Not Applicable,16',0:1,Not reported,Not Applicable
Betclic 1 Liga ,4,8/11/07,Away,Znicz Pruszkow,LKS Lomza,2:4,Not Applicable,41',2:2,Penalty,Not Applicable
Betclic 1 Liga ,11,9/19/07,Home,Znicz Pruszkow,GKS Jastrzebie,4:2,Not Applicable,7',1:0,Not reported,Not Applicable
Betclic 1 Liga ,11,9/19/07,Home,Znicz Pruszkow,GKS Jastrzebie,4:2,Not Applicable,84',3:2,Not reported,Not Applicable
Betclic 1 Liga ,11,9/19/07,Home,Znicz Pruszkow,GKS Jastrzebie,4:2,Not Applicable,88',4:2,Not reported,Not Applicable
Betclic 1 Liga ,18,11/4/07,Home,Znicz Pruszkow,Pelikan Lowicz,2:2,Not Applicable,19',1:0,Not reported,Not Applicable
Betclic 1 Liga ,18,11/4/07,Home,Znicz Pruszkow,Pelikan Lowicz,2:2,Not Applicable,70',2:2,Not reported,Not Applicable
Betclic 1 Liga ,21,3/16/08,Home,Znicz Pruszkow,LKS Lomza,3:1,Not Applicable,62',1:0,Not reported,Not Applicable
Betclic 1 Liga ,22,3/22/08,Away,Znicz Pruszkow,Slask Wroclaw,0:3,CF,24',0:1,Not reported,Igor Lewczuk
Betclic 1 Liga ,22,3/22/08,Away,Znicz Pruszkow,Slask Wroclaw,0:3,CF,56',0:3,Not reported,Pawel Kaczmarek
Betclic 1 Liga ,23,3/30/08,Home,Znicz Pruszkow,Stal Stalowa Wola,1:1,Not Applicable,48',1:1,Not reported,Not Applicable
Betclic 1 Liga ,24,4/6/08,Away,Znicz Pruszkow,Arka Gdynia,2:2,Not Applicable,90',2:2,Not reported,Not Applicable
Betclic 1 Liga ,26,4/18/08,Away,Znicz Pruszkow,Piast Gliwice,0:1,Not Applicable,50',0:1,Not reported,Not Applicable
Betclic 1 Liga ,27,4/26/08,Home,Znicz Pruszkow,Wisla Plock,3:1,Not Applicable,54',2:1,Not reported,Not Applicable
Betclic 1 Liga ,27,4/26/08,Home,Znicz Pruszkow,Wisla Plock,3:1,Not Applicable,77',3:1,Not reported,Lukasz Grzeszczyk
Betclic 1 Liga ,29,5/4/08,Home,Znicz Pruszkow,Polonia Warsaw,3:2,Not Applicable,2',1:0,Not reported,Not Applicable
Betclic 1 Liga ,29,5/4/08,Home,Znicz Pruszkow,Polonia Warsaw,3:2,Not Applicable,31',3:1,Not reported,Not Applicable
Betclic 1 Liga ,30,5/7/08,Away,Znicz Pruszkow,Odra Opole,0:1,Not Applicable,50',0:1,Not reported,Not Applicable
Betclic 1 Liga ,31,5/11/08,Home,Znicz Pruszkow,Motor Lublin,3:0,CF,35',2:0,Not reported,Not Applicable
UEFA-Cup Qualifikation ,1.Runde,7/17/08,Away,Lech Poznan,Khazar Lankaran (- 2016),0:1,Not Applicable,76',0:1,Not reported,Slawomir Peszko
Ekstraklasa ,1,8/8/08,Home,Lech Poznan,GKS Belchatow,2:3,Not Applicable,67',2:1,Not reported,Tomasz Bandrowski
UEFA-Cup Qualifikation ,2.Runde,8/14/08,Home,Lech Poznan,Grasshopper Club Zurich,6:0,Not Applicable,14',2:0,Right-footed shot,Hernán Rengifo
UEFA-Cup Qualifikation ,2.Runde,8/14/08,Home,Lech Poznan,Grasshopper Club Zurich,6:0,Not Applicable,56',3:0,Right-footed shot,Semir Stilic
Ekstraklasa ,3,8/23/08,Home,Lech Poznan,Górnik Zabrze,3:0,Not Applicable,10',1:0,Not reported,Semir Stilic
Ekstraklasa ,4,8/31/08,Away,Lech Poznan,Arka Gdynia,2:1,Not Applicable,23',0:1,Not reported,Hernán Rengifo
Ekstraklasa ,5,9/14/08,Away,Lech Poznan,Wisla Kraków,1:4,Not Applicable,8',0:2,Deflected shot on goal,Semir Stilic
Ekstraklasa ,5,9/14/08,Away,Lech Poznan,Wisla Kraków,1:4,Not Applicable,58',1:4,Right-footed shot,Dimitrije Injac
UEFA Cup ,1.Runde,10/2/08,Home,Lech Poznan,Austria Vienna,4:2,CF,99',3:1,Long distance kick,Not Applicable
Ekstraklasa ,10,10/25/08,Home,Lech Poznan,Slask Wroclaw,1:1,Not Applicable,6',1:0,Not reported,Semir Stilic
Ekstraklasa ,11,10/31/08,Home,Lech Poznan,Odra Wodzislaw Slaski,3:1,Not Applicable,53',3:1,Not reported,Not Applicable
Ekstraklasa ,12,11/9/08,Away,Lech Poznan,Lechia Gdansk,0:3,Not Applicable,45',0:1,Not reported,Semir Stilic
Ekstraklasa ,18,3/1/09,Away,Lech Poznan,GKS Belchatow,2:3,Not Applicable,90',2:3,Left-footed shot,Hernán Rengifo
Fortuna Polish Cup ,Viertelfinale,3/4/09,Away,Lech Poznan,Wisla Kraków,0:1,Not Applicable,49',0:1,Right-footed shot,Semir Stilic
Ekstraklasa ,19,3/8/09,Home,Lech Poznan,Jagiellonia Bialystok,1:0,Not Applicable,48',1:0,Left-footed shot,Tomasz Bandrowski
Fortuna Polish Cup ,Viertelfinale,4/8/09,Home,Lech Poznan,Wisla Kraków,2:1,Not Applicable,26',1:0,Right-footed shot,Ivan Djurdjevic
Ekstraklasa ,25,4/26/09,Away,Lech Poznan,Legia Warszawa,1:1,Not Applicable,75',1:1,Not reported,Bartosz Bosacki
Ekstraklasa ,26,5/3/09,Home,Lech Poznan,Ruch Chorzow,1:1,Not Applicable,45',1:0,Right-footed shot,Slawomir Peszko
Ekstraklasa ,27,5/9/09,Away,Lech Poznan,Slask Wroclaw,0:2,Not Applicable,12',0:1,Right-footed shot,Jakub Wilk
Ekstraklasa ,28,5/15/09,Home,Lech Poznan,Lechia Gdansk,1:0,Not Applicable,85',1:0,Header,Rafal Murawski
Superpuchar ,Finale,7/25/09,Away,Lech Poznan,Wisla Kraków,3:4,CF,9',0:1,Right-footed shot,Marcin Kikut
Europa League Qualifying ,3.Runde,7/30/09,Away,Lech Poznan,Fredrikstad FK,1:6,Not Applicable,51',1:4,Right-footed shot,Tomasz Bandrowski
Europa League Qualifying ,3.Runde,8/6/09,Home,Lech Poznan,Fredrikstad FK,1:2,Not Applicable,63',1:2,Header,Semir Stilic
Ekstraklasa ,2,8/9/09,Away,Lech Poznan,Korona Kielce,0:5,Not Applicable,85',0:4,Right-footed shot,Semir Stilic
Ekstraklasa ,2,8/9/09,Away,Lech Poznan,Korona Kielce,0:5,Not Applicable,87',0:5,Left-footed shot,Marcin Kikut
Ekstraklasa ,5,8/30/09,Home,Lech Poznan,GKS Belchatow,2:2,Not Applicable,59',1:2,Right-footed shot,Jakub Wilk
Ekstraklasa ,6,9/12/09,Away,Lech Poznan,Jagiellonia Bialystok,2:3,Not Applicable,27',2:1,Left-footed shot,Marcin Kikut
Ekstraklasa ,9,10/4/09,Away,Lech Poznan,Arka Gdynia,1:1,Not Applicable,76',1:1,Header,Slawomir Peszko
Ekstraklasa ,10,10/18/09,Home,Lech Poznan,Wisla Kraków,1:0,Not Applicable,60',1:0,Right-footed shot,Semir Stilic
Ekstraklasa ,13,11/7/09,Away,Lech Poznan,Polonia Bytom,1:1,Not Applicable,63',0:1,Right-footed shot,Jakub Wilk
Ekstraklasa ,14,11/21/09,Home,Lech Poznan,Ruch Chorzow,3:1,Not Applicable,12',1:0,Not reported,Slawomir Peszko
Ekstraklasa ,14,11/21/09,Home,Lech Poznan,Ruch Chorzow,3:1,Not Applicable,44',2:0,Right-footed shot,Tomasz Mikolajczak
Ekstraklasa ,18,2/28/10,Away,Lech Poznan,Polonia Warsaw,0:3,Not Applicable,25',0:1,Right-footed shot,Slawomir Peszko
Ekstraklasa ,18,2/28/10,Away,Lech Poznan,Polonia Warsaw,0:3,Not Applicable,72',0:2,Right-footed shot,Semir Stilic
Ekstraklasa ,19,3/6/10,Home,Lech Poznan,Cracovia,3:1,Not Applicable,37',2:1,Tap-in,Slawomir Peszko
Ekstraklasa ,21,3/21/10,Home,Lech Poznan,Jagiellonia Bialystok,2:0,Not Applicable,27',1:0,Header,Dimitrije Injac
Ekstraklasa ,27,5/2/10,Away,Lech Poznan,Slask Wroclaw,0:3,Not Applicable,23',0:1,Header,Sergey Krivets
Ekstraklasa ,27,5/2/10,Away,Lech Poznan,Slask Wroclaw,0:3,Not Applicable,57',0:3,Left-footed shot,Slawomir Peszko
Ekstraklasa ,28,5/8/10,Home,Lech Poznan,Polonia Bytom,3:0,Not Applicable,34',3:0,Left-footed shot,Slawomir Peszko
Ekstraklasa ,29,5/11/10,Away,Lech Poznan,Ruch Chorzow,1:2,Not Applicable,69',1:1,Left-footed shot,Grzegorz Wojtkowiak
Ekstraklasa ,30,5/15/10,Home,Lech Poznan,Zaglebie Lubin,2:0,Not Applicable,58',2:0,Right-footed shot,Sergey Krivets
Bundesliga ,4,9/19/10,Away,Borussia Dortmund,FC Schalke 04,1:3,CF,86',0:3,Header,Nuri Şahin
Bundesliga ,5,9/22/10,Home,Borussia Dortmund,1.FC Kaiserslautern,5:0,CF,75',4:0,Right-footed shot,Jakub Blaszczykowski
Bundesliga ,11,11/7/10,Away,Borussia Dortmund,Hannover 96,0:4,CF,81',0:3,Right-footed shot,Jakub Blaszczykowski
Bundesliga ,13,11/20/10,Away,Borussia Dortmund,SC Freiburg,1:2,SS,75',1:1,Header,Marcel Schmelzer
Europa League ,Gruppenphase,12/2/10,Home,Borussia Dortmund,Karpaty Lviv,3:0,CF,89',3:0,Left-footed shot,Nuri Şahin
Bundesliga ,15,12/5/10,Away,Borussia Dortmund,1.FC Nuremberg,0:2,CF,88',0:2,Left-footed shot,Not Applicable
Bundesliga ,25,3/4/11,Home,Borussia Dortmund,1.FC Köln,1:0,SS,44',1:0,Left-footed shot,Mario Götze
Bundesliga ,30,4/17/11,Home,Borussia Dortmund,SC Freiburg,3:0,CF,43',2:0,Right-footed shot,Not Applicable
Bundesliga ,32,4/30/11,Home,Borussia Dortmund,1.FC Nuremberg,2:0,SS,43',2:0,Right-footed shot,Mats Hummels
DFB-Pokal ,1.Runde,7/30/11,Away,Borussia Dortmund,SV Sandhausen,0:3,CF,10',0:1,Right-footed shot,Shinji Kagawa
DFB-Pokal ,1.Runde,7/30/11,Away,Borussia Dortmund,SV Sandhausen,0:3,CF,90',0:3,Tap-in,Ivan Perisic
Bundesliga ,3,8/20/11,Home,Borussia Dortmund,1.FC Nuremberg,2:0,CF,50',1:0,Right-footed shot,Mario Götze
Bundesliga ,5,9/10/11,Home,Borussia Dortmund,Hertha BSC,1:2,CF,88',1:2,Header,Antônio da Silva
Bundesliga ,8,10/1/11,Home,Borussia Dortmund,FC Augsburg,4:0,CF,30',1:0,Right-footed shot,Jakub Blaszczykowski
Bundesliga ,8,10/1/11,Home,Borussia Dortmund,FC Augsburg,4:0,CF,44',2:0,Right-footed shot,Sven Bender
Bundesliga ,8,10/1/11,Home,Borussia Dortmund,FC Augsburg,4:0,CF,78',4:0,Header,Mario Götze
UEFA Champions League ,Gruppenphase,10/19/11,Away,Borussia Dortmund,Olympiacos Piraeus,3:1,CF,26',1:1,Right-footed shot,Mario Götze
Bundesliga ,10,10/22/11,Home,Borussia Dortmund,1.FC Köln,5:0,CF,44',3:0,Right-footed shot,Sven Bender
Bundesliga ,10,10/22/11,Home,Borussia Dortmund,1.FC Köln,5:0,CF,50',4:0,Right-footed shot,Kevin Großkreutz
DFB-Pokal ,2.Runde,10/25/11,Home,Borussia Dortmund,SG Dynamo Dresden,2:0,CF,30',1:0,Header,Mario Götze
Bundesliga ,12,11/5/11,Home,Borussia Dortmund,VfL Wolfsburg,5:1,CF,66',4:1,Right-footed shot,Shinji Kagawa
Bundesliga ,14,11/26/11,Home,Borussia Dortmund,FC Schalke 04,2:0,SS,16',1:0,Header,Marcel Schmelzer
Bundesliga ,15,12/3/11,Away,Borussia Dortmund,Borussia Mönchengladbach,1:1,CF,40',0:1,Header,Mario Götze
Bundesliga ,17,12/17/11,Away,Borussia Dortmund,SC Freiburg,1:4,CF,7',0:1,Right-footed shot,Shinji Kagawa
Bundesliga ,17,12/17/11,Away,Borussia Dortmund,SC Freiburg,1:4,CF,70',1:4,Left-footed shot,Kevin Großkreutz
Bundesliga ,18,1/22/12,Away,Borussia Dortmund,Hamburger SV,1:5,CF,37',0:2,Right-footed shot,Jakub Blaszczykowski
Bundesliga ,18,1/22/12,Away,Borussia Dortmund,Hamburger SV,1:5,CF,83',0:5,Right-footed shot,Kevin Großkreutz
DFB-Pokal ,Viertelfinale,2/7/12,Away,Borussia Dortmund,Holstein Kiel,0:4,CF,11',0:1,Right-footed shot,Ivan Perisic
Bundesliga ,23,2/26/12,Home,Borussia Dortmund,Hannover 96,3:1,CF,27',1:0,Right-footed shot,Lukasz Piszczek
Bundesliga ,23,2/26/12,Home,Borussia Dortmund,Hannover 96,3:1,CF,54',2:0,Right-footed shot,Jakub Blaszczykowski
Bundesliga ,27,3/25/12,Away,Borussia Dortmund,1.FC Köln,1:6,CF,52',1:3,Right-footed shot,Jakub Blaszczykowski
Bundesliga ,29,4/7/12,Away,Borussia Dortmund,VfL Wolfsburg,1:3,CF,22',0:1,Right-footed shot,Ivan Perisic
Bundesliga ,29,4/7/12,Away,Borussia Dortmund,VfL Wolfsburg,1:3,CF,90',1:3,Right-footed shot,Moritz Leitner
Bundesliga ,30,4/11/12,Home,Borussia Dortmund,Bayern Munich,1:0,CF,77',1:0,Deflected shot on goal,Kevin Großkreutz
Bundesliga ,34,5/5/12,Home,Borussia Dortmund,SC Freiburg,4:0,CF,20',2:0,Left-footed shot,Neven Subotic
Bundesliga ,34,5/5/12,Home,Borussia Dortmund,SC Freiburg,4:0,CF,27',3:0,Tap-in,Lukasz Piszczek
DFB-Pokal ,Finale,5/12/12,Home,Borussia Dortmund,Bayern Munich,5:2,CF,45'+1,3:1,Right-footed shot,Shinji Kagawa
DFB-Pokal ,Finale,5/12/12,Home,Borussia Dortmund,Bayern Munich,5:2,CF,58',4:1,Right-footed shot,Kevin Großkreutz
DFB-Pokal ,Finale,5/12/12,Home,Borussia Dortmund,Bayern Munich,5:2,CF,81',5:2,Header,Lukasz Piszczek
DFL-Supercup ,Finale,8/12/12,Away,Borussia Dortmund,Bayern Munich,2:1,CF,75',2:1,Right-footed shot,Julian Schieber
Bundesliga ,3,9/15/12,Home,Borussia Dortmund,Bayer 04 Leverkusen,3:0,CF,78',3:0,Header,Marco Reus
UEFA Champions League ,Gruppenphase,9/18/12,Home,Borussia Dortmund,Ajax Amsterdam,1:0,CF,87',1:0,Right-footed shot,Lukasz Piszczek
Bundesliga ,7,10/7/12,Away,Borussia Dortmund,Hannover 96,1:1,CF,26',0:1,Right-footed shot,Lukasz Piszczek
Bundesliga ,8,10/20/12,Home,Borussia Dortmund,FC Schalke 04,1:2,CF,55',1:2,Header,Marco Reus
UEFA Champions League ,Gruppenphase,10/24/12,Home,Borussia Dortmund,Real Madrid,2:1,CF,36',1:0,Right-footed shot,Sebastian Kehl
Bundesliga ,11,11/10/12,Away,Borussia Dortmund,FC Augsburg,1:3,CF,51',0:2,Left-footed shot,Mario Götze
Bundesliga ,11,11/10/12,Away,Borussia Dortmund,FC Augsburg,1:3,CF,70',0:3,Left-footed shot,Marco Reus
Bundesliga ,12,11/17/12,Home,Borussia Dortmund,SpVgg Greuther Fürth,3:1,CF,3',1:0,Left-footed shot,Mario Götze
Bundesliga ,12,11/17/12,Home,Borussia Dortmund,SpVgg Greuther Fürth,3:1,CF,15',2:1,Penalty,Not Applicable
UEFA Champions League ,Gruppenphase,11/21/12,Away,Borussia Dortmund,Ajax Amsterdam,1:4,CF,41',0:3,Right-footed shot,Mario Götze
UEFA Champions League ,Gruppenphase,11/21/12,Away,Borussia Dortmund,Ajax Amsterdam,1:4,CF,67',0:4,Right-footed shot,Mario Götze
Bundesliga ,13,11/24/12,Away,Borussia Dortmund,1.FSV Mainz 05,1:2,CF,12',1:1,Right-footed shot,Marco Reus
Bundesliga ,13,11/24/12,Away,Borussia Dortmund,1.FSV Mainz 05,1:2,CF,43',1:2,Right-footed shot,Mario Götze
Bundesliga ,17,12/16/12,Away,Borussia Dortmund,TSG 1899 Hoffenheim,1:3,CF,66',1:3,Left-footed shot,İlkay Gündoğan
DFB-Pokal ,Achtelfinale,12/19/12,Home,Borussia Dortmund,Hannover 96,5:1,CF,90',5:1,Right-footed shot,Leonardo Bittencourt
Bundesliga ,18,1/19/13,Away,Borussia Dortmund,SV Werder Bremen,0:5,CF,81',0:4,Left-footed shot,Lukasz Piszczek
Bundesliga ,19,1/25/13,Home,Borussia Dortmund,1.FC Nuremberg,3:0,CF,88',3:0,Right-footed shot,Marco Reus
Bundesliga ,20,2/3/13,Away,Borussia Dortmund,Bayer 04 Leverkusen,2:3,CF,63',2:3,Right-footed shot,Mario Götze
Bundesliga ,21,2/9/13,Home,Borussia Dortmund,Hamburger SV,1:4,CF,17',1:0,Right-footed shot,Mats Hummels
UEFA Champions League ,Achtelfinale,2/13/13,Away,Borussia Dortmund,Shakhtar Donetsk,2:2,CF,41',1:1,Right-footed shot,Mario Götze
Bundesliga ,24,3/2/13,Home,Borussia Dortmund,Hannover 96,3:1,CF,8',1:0,Right-footed shot,Kevin Großkreutz
Bundesliga ,24,3/2/13,Home,Borussia Dortmund,Hannover 96,3:1,CF,21',2:0,Tap-in,Kevin Großkreutz
Bundesliga ,25,3/9/13,Away,Borussia Dortmund,FC Schalke 04,2:1,CF,59',2:1,Right-footed shot,Jakub Blaszczykowski
Bundesliga ,26,3/16/13,Home,Borussia Dortmund,SC Freiburg,5:1,CF,41',1:1,Header,Nuri Şahin
Bundesliga ,26,3/16/13,Home,Borussia Dortmund,SC Freiburg,5:1,CF,45'+1,3:1,Left-footed shot,Not Applicable
Bundesliga ,27,3/30/13,Away,Borussia Dortmund,VfB Stuttgart,1:2,CF,82',1:2,Right-footed shot,Lukasz Piszczek
Bundesliga ,28,4/6/13,Home,Borussia Dortmund,FC Augsburg,4:2,SS,90'+2,4:2,Right-footed shot,Mario Götze
UEFA Champions League ,Viertelfinale,4/9/13,Home,Borussia Dortmund,Málaga CF,3:2,CF,40',1:1,Right-footed shot,Marco Reus
Bundesliga ,29,4/13/13,Away,Borussia Dortmund,SpVgg Greuther Fürth,1:6,CF,80',1:6,Left-footed shot,Jakub Blaszczykowski
Bundesliga ,30,4/20/13,Home,Borussia Dortmund,1.FSV Mainz 05,2:0,CF,87',2:0,Right-footed shot,Lukasz Piszczek
UEFA Champions League ,Halbfinale,4/24/13,Home,Borussia Dortmund,Real Madrid,4:1,CF,8',1:0,Right-footed shot,Mario Götze
UEFA Champions League ,Halbfinale,4/24/13,Home,Borussia Dortmund,Real Madrid,4:1,CF,50',2:1,Right-footed shot,Marco Reus
UEFA Champions League ,Halbfinale,4/24/13,Home,Borussia Dortmund,Real Madrid,4:1,CF,55',3:1,Right-footed shot,Marcel Schmelzer
UEFA Champions League ,Halbfinale,4/24/13,Home,Borussia Dortmund,Real Madrid,4:1,CF,67',4:1,Penalty,Not Applicable
Bundesliga ,34,5/18/13,Home,Borussia Dortmund,TSG 1899 Hoffenheim,1:2,CF,6',1:0,Tap-in,Jakub Blaszczykowski
DFB-Pokal ,1.Runde,8/3/13,Away,Borussia Dortmund,SV Wilhelmshaven,0:3,CF,90',0:3,Right-footed shot,Jonas Hofmann
Bundesliga ,1,8/10/13,Away,Borussia Dortmund,FC Augsburg,0:4,CF,86',0:4,Penalty,Not Applicable
Bundesliga ,3,8/23/13,Home,Borussia Dortmund,SV Werder Bremen,1:0,CF,55',1:0,Right-footed shot,Marco Reus
Bundesliga ,5,9/14/13,Home,Borussia Dortmund,Hamburger SV,6:2,CF,73',4:2,Right-footed shot,Pierre-Emerick Aubameyang
Bundesliga ,5,9/14/13,Home,Borussia Dortmund,Hamburger SV,6:2,CF,81',6:2,Header,Nuri Şahin
Bundesliga ,7,9/28/13,Home,Borussia Dortmund,SC Freiburg,5:0,CF,58',3:0,Right-footed shot,Marco Reus
Bundesliga ,7,9/28/13,Home,Borussia Dortmund,SC Freiburg,5:0,CF,70',4:0,Left-footed shot,Jonas Hofmann
UEFA Champions League ,Gruppenphase,10/1/13,Home,Borussia Dortmund,Olympique Marseille,3:0,CF,19',1:0,Left-footed shot,Erik Durm
UEFA Champions League ,Gruppenphase,10/1/13,Home,Borussia Dortmund,Olympique Marseille,3:0,CF,80',3:0,Penalty,Not Applicable
UEFA Champions League ,Gruppenphase,10/22/13,Away,Borussia Dortmund,Arsenal FC,1:2,CF,82',1:2,Right-footed shot,Kevin Großkreutz
Bundesliga ,11,11/1/13,Home,Borussia Dortmund,VfB Stuttgart,6:1,CF,54',3:1,Right-footed shot,Marco Reus
Bundesliga ,11,11/1/13,Home,Borussia Dortmund,VfB Stuttgart,6:1,CF,56',4:1,Left-footed shot,Henrikh Mkhitaryan
Bundesliga ,11,11/1/13,Home,Borussia Dortmund,VfB Stuttgart,6:1,CF,72',5:1,Right-footed shot,Jakub Blaszczykowski
Bundesliga ,14,11/30/13,Away,Borussia Dortmund,1.FSV Mainz 05,1:3,CF,78',1:2,Penalty,Not Applicable
Bundesliga ,14,11/30/13,Away,Borussia Dortmund,1.FSV Mainz 05,1:3,CF,90'+4,1:3,Penalty,Not Applicable
UEFA Champions League ,Gruppenphase,12/11/13,Away,Borussia Dortmund,Olympique Marseille,1:2,CF,4',0:1,Left-footed shot,Erik Durm
Bundesliga ,20,2/8/14,Away,Borussia Dortmund,SV Werder Bremen,1:5,CF,26',0:1,Right-footed shot,Marcel Schmelzer
Bundesliga ,20,2/8/14,Away,Borussia Dortmund,SV Werder Bremen,1:5,CF,85',0:5,Right-footed shot,Jonas Hofmann
Bundesliga ,21,2/15/14,Home,Borussia Dortmund,Eintracht Frankfurt,4:0,CF,47',3:0,Penalty,Not Applicable
UEFA Champions League ,Achtelfinale,2/25/14,Away,Borussia Dortmund,Zenit St. Petersburg,2:4,CF,61',1:3,Right-footed shot,Lukasz Piszczek
UEFA Champions League ,Achtelfinale,2/25/14,Away,Borussia Dortmund,Zenit St. Petersburg,2:4,CF,71',2:4,Right-footed shot,Marco Reus
Bundesliga ,23,3/1/14,Home,Borussia Dortmund,1.FC Nuremberg,3:0,CF,64',2:0,Right-footed shot,Henrikh Mkhitaryan
Bundesliga ,26,3/22/14,Away,Borussia Dortmund,Hannover 96,0:3,CF,52',0:2,Right-footed shot,Henrikh Mkhitaryan
Bundesliga ,29,4/5/14,Home,Borussia Dortmund,VfL Wolfsburg,2:1,CF,51',1:1,Header,Marco Reus
DFB-Pokal ,Halbfinale,4/15/14,Home,Borussia Dortmund,VfL Wolfsburg,2:0,CF,43',2:0,Left-footed shot,Marco Reus
Bundesliga ,31,4/19/14,Home,Borussia Dortmund,1.FSV Mainz 05,4:2,CF,18',2:1,Right-footed shot,Henrikh Mkhitaryan
Bundesliga ,34,5/10/14,Away,Borussia Dortmund,Hertha BSC,0:4,CF,41',0:1,Right-footed shot,Mats Hummels
Bundesliga ,34,5/10/14,Away,Borussia Dortmund,Hertha BSC,0:4,CF,80',0:3,Direct free kick,Not Applicable
Bundesliga ,2,8/30/14,Away,Bayern Munich,FC Schalke 04,1:1,CF,10',0:1,Right-footed shot,Sebastian Rode
Bundesliga ,5,9/23/14,Home,Bayern Munich,SC Paderborn 07,4:0,CF,14',2:0,Right-footed shot,Philipp Lahm
Bundesliga ,7,10/4/14,Home,Bayern Munich,Hannover 96,4:0,CF,6',1:0,Right-footed shot,Rafinha
Bundesliga ,7,10/4/14,Home,Bayern Munich,Hannover 96,4:0,CF,38',3:0,Right-footed shot,Xherdan Shaqiri
UEFA Champions League ,Gruppenphase,10/21/14,Away,Bayern Munich,AS Roma,1:7,CF,25',0:3,Header,Juan Bernat
DFB-Pokal ,2.Runde,10/29/14,Away,Bayern Munich,Hamburger SV,1:3,CF,7',0:1,Right-footed shot,Not Applicable
Bundesliga ,10,11/1/14,Home,Bayern Munich,Borussia Dortmund,2:1,CF,72',1:1,Left-footed shot,Not Applicable
Bundesliga ,12,11/22/14,Home,Bayern Munich,TSG 1899 Hoffenheim,4:0,CF,39',2:0,Header,Arjen Robben
UEFA Champions League ,Gruppenphase,11/25/14,Away,Bayern Munich,Manchester City,3:2,CF,45',1:2,Header,Jérôme Boateng
Bundesliga ,15,12/13/14,Away,Bayern Munich,FC Augsburg,0:4,CF,68',0:3,Right-footed shot,Bastian Schweinsteiger
Bundesliga ,21,2/14/15,Home,Bayern Munich,Hamburger SV,8:0,LW,56',6:0,Right-footed shot,Thomas Müller
Bundesliga ,22,2/21/15,Away,Bayern Munich,SC Paderborn 07,0:6,CF,24',0:1,Right-footed shot,Arjen Robben
Bundesliga ,22,2/21/15,Away,Bayern Munich,SC Paderborn 07,0:6,CF,37',0:2,Right-footed shot,Franck Ribéry
Bundesliga ,23,2/27/15,Home,Bayern Munich,1.FC Köln,4:1,CF,75',4:1,Chest,Arjen Robben
UEFA Champions League ,Achtelfinale,3/11/15,Home,Bayern Munich,Shakhtar Donetsk,7:0,CF,75',6:0,Right-footed shot,Bastian Schweinsteiger
Bundesliga ,25,3/14/15,Away,Bayern Munich,SV Werder Bremen,0:4,CF,76',0:3,Header,Thomas Müller
Bundesliga ,25,3/14/15,Away,Bayern Munich,SV Werder Bremen,0:4,CF,90'+1,0:4,Right-footed shot,Thomas Müller
Bundesliga ,27,4/4/15,Away,Bayern Munich,Borussia Dortmund,0:1,CF,36',0:1,Header,Thomas Müller
Bundesliga ,28,4/11/15,Home,Bayern Munich,Eintracht Frankfurt,3:0,CF,15',1:0,Right-footed shot,Thomas Müller
Bundesliga ,28,4/11/15,Home,Bayern Munich,Eintracht Frankfurt,3:0,CF,66',2:0,Header,Mario Götze
UEFA Champions League ,Viertelfinale,4/21/15,Home,Bayern Munich,FC Porto,6:1,CF,27',3:0,Header,Thomas Müller
UEFA Champions League ,Viertelfinale,4/21/15,Home,Bayern Munich,FC Porto,6:1,CF,40',5:0,Right-footed shot,Thomas Müller
DFB-Pokal ,Halbfinale,4/28/15,Home,Bayern Munich,Borussia Dortmund,1:3,CF,29',1:0,Right-footed shot,Medhi Benatia
UEFA Champions League ,Halbfinale,5/12/15,Home,Bayern Munich,FC Barcelona,3:2,CF,59',2:2,Right-footed shot,Bastian Schweinsteiger
Bundesliga ,34,5/23/15,Home,Bayern Munich,1.FSV Mainz 05,2:0,CF,25',1:0,Penalty,Not Applicable
DFB-Pokal ,1.Runde,8/9/15,Away,Bayern Munich,FC Nöttingen,1:3,CF,26',1:3,Left-footed shot,Not Applicable
Bundesliga ,1,8/14/15,Home,Bayern Munich,Hamburger SV,5:0,CF,53',2:0,Right-footed shot,Not Applicable
Bundesliga ,2,8/22/15,Away,Bayern Munich,TSG 1899 Hoffenheim,1:2,CF,90',1:2,Right-footed shot,Douglas Costa
Bundesliga ,4,9/12/15,Home,Bayern Munich,FC Augsburg,2:1,CF,77',1:1,Tap-in,Thomas Müller
Bundesliga ,6,9/22/15,Home,Bayern Munich,VfL Wolfsburg,5:1,CF,51',1:1,Left-footed shot,Not Applicable
Bundesliga ,6,9/22/15,Home,Bayern Munich,VfL Wolfsburg,5:1,CF,52',2:1,Right-footed shot,Douglas Costa
Bundesliga ,6,9/22/15,Home,Bayern Munich,VfL Wolfsburg,5:1,CF,55',3:1,Left-footed shot,Not Applicable
Bundesliga ,6,9/22/15,Home,Bayern Munich,VfL Wolfsburg,5:1,CF,57',4:1,Right-footed shot,Douglas Costa
Bundesliga ,6,9/22/15,Home,Bayern Munich,VfL Wolfsburg,5:1,CF,60',5:1,Right-footed shot,Mario Götze
Bundesliga ,7,9/26/15,Away,Bayern Munich,1.FSV Mainz 05,0:3,CF,51',0:1,Header,Kingsley Coman
Bundesliga ,7,9/26/15,Away,Bayern Munich,1.FSV Mainz 05,0:3,CF,63',0:2,Left-footed shot,Arturo Vidal
UEFA Champions League ,Gruppenphase,9/29/15,Home,Bayern Munich,GNK Dinamo Zagreb,5:0,CF,22',2:0,Right-footed shot,Thiago Alcántara
UEFA Champions League ,Gruppenphase,9/29/15,Home,Bayern Munich,GNK Dinamo Zagreb,5:0,CF,28',4:0,Left-footed shot,Douglas Costa
UEFA Champions League ,Gruppenphase,9/29/15,Home,Bayern Munich,GNK Dinamo Zagreb,5:0,CF,55',5:0,Right-footed shot,Thiago Alcántara
Bundesliga ,8,10/4/15,Home,Bayern Munich,Borussia Dortmund,5:1,CF,46',3:1,Right-footed shot,Jérôme Boateng
Bundesliga ,8,10/4/15,Home,Bayern Munich,Borussia Dortmund,5:1,CF,58',4:1,Left-footed shot,Mario Götze
Bundesliga ,10,10/24/15,Home,Bayern Munich,1.FC Köln,4:0,CF,63',3:0,Header,Douglas Costa
UEFA Champions League ,Gruppenphase,11/4/15,Home,Bayern Munich,Arsenal FC,5:1,CF,10',1:0,Header,Thiago Alcántara
Bundesliga ,12,11/7/15,Home,Bayern Munich,VfB Stuttgart,4:0,CF,37',3:0,Right-footed shot,Thomas Müller
UEFA Champions League ,Gruppenphase,11/24/15,Home,Bayern Munich,Olympiacos Piraeus,4:0,CF,16',2:0,Right-footed shot,Kingsley Coman
UEFA Champions League ,Gruppenphase,12/9/15,Away,Bayern Munich,GNK Dinamo Zagreb,0:2,CF,61',0:1,Header,Thomas Müller
UEFA Champions League ,Gruppenphase,12/9/15,Away,Bayern Munich,GNK Dinamo Zagreb,0:2,CF,64',0:2,Right-footed shot,Sebastian Rode
Bundesliga ,16,12/12/15,Home,Bayern Munich,FC Ingolstadt 04,2:0,CF,65',1:0,Right-footed shot,Jérôme Boateng
Bundesliga ,18,1/22/16,Away,Bayern Munich,Hamburger SV,1:2,CF,37',0:1,Penalty,Not Applicable
Bundesliga ,18,1/22/16,Away,Bayern Munich,Hamburger SV,1:2,CF,61',1:2,Deflected shot on goal,Thomas Müller
Bundesliga ,19,1/31/16,Home,Bayern Munich,TSG 1899 Hoffenheim,2:0,CF,32',1:0,Right-footed shot,Douglas Costa
Bundesliga ,19,1/31/16,Home,Bayern Munich,TSG 1899 Hoffenheim,2:0,CF,64',2:0,Right-footed shot,Philipp Lahm
DFB-Pokal ,Viertelfinale,2/10/16,Away,Bayern Munich,VfL Bochum,0:3,CF,39',0:1,Right-footed shot,Thomas Müller
DFB-Pokal ,Viertelfinale,2/10/16,Away,Bayern Munich,VfL Bochum,0:3,CF,90',0:3,Right-footed shot,Arjen Robben
Bundesliga ,21,2/14/16,Away,Bayern Munich,FC Augsburg,1:3,CF,15',0:1,Right-footed shot,Thomas Müller
Bundesliga ,21,2/14/16,Away,Bayern Munich,FC Augsburg,1:3,CF,62',0:2,Right-footed shot,Thiago Alcántara
Bundesliga ,22,2/20/16,Home,Bayern Munich,SV Darmstadt 98,3:1,CF,84',3:1,Right-footed shot,Franck Ribéry
Bundesliga ,23,2/27/16,Away,Bayern Munich,VfL Wolfsburg,0:2,CF,74',0:2,Right-footed shot,Franck Ribéry
Bundesliga ,26,3/12/16,Home,Bayern Munich,SV Werder Bremen,5:0,CF,86',4:0,Right-footed shot,Not Applicable
UEFA Champions League ,Achtelfinale,3/16/16,Home,Bayern Munich,Juventus FC,4:2,CF,73',1:2,Header,Douglas Costa
Bundesliga ,27,3/19/16,Away,Bayern Munich,1.FC Köln,0:1,CF,9',0:1,Right-footed shot,Not Applicable
Bundesliga ,30,4/16/16,Home,Bayern Munich,FC Schalke 04,3:0,CF,54',1:0,Left-footed shot,Arturo Vidal
Bundesliga ,30,4/16/16,Home,Bayern Munich,FC Schalke 04,3:0,CF,65',2:0,Header,Rafinha
UEFA Champions League ,Halbfinale,5/3/16,Home,Bayern Munich,Atlético de Madrid,2:1,CF,74',2:1,Header,Arturo Vidal
Bundesliga ,33,5/7/16,Away,Bayern Munich,FC Ingolstadt 04,1:2,CF,15',0:1,Penalty,Not Applicable
Bundesliga ,33,5/7/16,Away,Bayern Munich,FC Ingolstadt 04,1:2,CF,32',0:2,Right-footed shot,Xabi Alonso
Bundesliga ,34,5/14/16,Home,Bayern Munich,Hannover 96,3:1,CF,12',1:0,Right-footed shot,Not Applicable
DFB-Pokal ,1.Runde,8/19/16,Away,Bayern Munich,FC Carl Zeiss Jena,0:5,CF,3',0:1,Right-footed shot,Thomas Müller
DFB-Pokal ,1.Runde,8/19/16,Away,Bayern Munich,FC Carl Zeiss Jena,0:5,CF,34',0:2,Right-footed shot,Franck Ribéry
DFB-Pokal ,1.Runde,8/19/16,Away,Bayern Munich,FC Carl Zeiss Jena,0:5,CF,43',0:3,Right-footed shot,Franck Ribéry
Bundesliga ,1,8/26/16,Home,Bayern Munich,SV Werder Bremen,6:0,CF,13',2:0,Right-footed shot,Not Applicable
Bundesliga ,1,8/26/16,Home,Bayern Munich,SV Werder Bremen,6:0,CF,46',3:0,Right-footed shot,Thomas Müller
Bundesliga ,1,8/26/16,Home,Bayern Munich,SV Werder Bremen,6:0,CF,77',6:0,Penalty,Not Applicable
Bundesliga ,2,9/9/16,Away,Bayern Munich,FC Schalke 04,0:2,CF,81',0:1,Right-footed shot,Javi Martínez
UEFA Champions League ,Gruppenphase,9/13/16,Home,Bayern Munich,FC Rostov,5:0,CF,28',1:0,Penalty,Not Applicable
Bundesliga ,3,9/17/16,Home,Bayern Munich,FC Ingolstadt 04,3:1,CF,13',1:1,Left-footed shot,Franck Ribéry
UEFA Champions League ,Gruppenphase,10/19/16,Home,Bayern Munich,PSV Eindhoven,4:1,CF,59',3:1,Header,Arjen Robben
Bundesliga ,9,10/29/16,Away,Bayern Munich,FC Augsburg,1:3,CF,19',0:1,Left-footed shot,Arjen Robben
Bundesliga ,9,10/29/16,Away,Bayern Munich,FC Augsburg,1:3,CF,48',0:3,Right-footed shot,Arjen Robben
UEFA Champions League ,Gruppenphase,11/1/16,Away,Bayern Munich,PSV Eindhoven,1:2,CF,34',1:1,Penalty,Not Applicable
UEFA Champions League ,Gruppenphase,11/1/16,Away,Bayern Munich,PSV Eindhoven,1:2,CF,74',1:2,Right-footed shot,David Alaba
Bundesliga ,13,12/2/16,Away,Bayern Munich,1.FSV Mainz 05,1:3,CF,8',1:1,Right-footed shot,Arjen Robben
Bundesliga ,13,12/2/16,Away,Bayern Munich,1.FSV Mainz 05,1:3,CF,90',1:3,Direct free kick,Not Applicable
UEFA Champions League ,Gruppenphase,12/6/16,Home,Bayern Munich,Atlético de Madrid,1:0,CF,28',1:0,Direct free kick,Not Applicable
Bundesliga ,14,12/10/16,Home,Bayern Munich,VfL Wolfsburg,5:0,CF,22',2:0,Left-footed shot,Not Applicable
Bundesliga ,14,12/10/16,Home,Bayern Munich,VfL Wolfsburg,5:0,CF,58',3:0,Left-footed shot,Thomas Müller
Bundesliga ,16,12/21/16,Home,Bayern Munich,RB Leipzig,3:0,CF,44',3:0,Penalty,Not Applicable
Bundesliga ,17,1/20/17,Away,Bayern Munich,SC Freiburg,1:2,CF,35',1:1,Left-footed shot,Douglas Costa
Bundesliga ,17,1/20/17,Away,Bayern Munich,SC Freiburg,1:2,CF,90'+1,1:2,Left-footed shot,Franck Ribéry
Bundesliga ,19,2/4/17,Home,Bayern Munich,FC Schalke 04,1:1,CF,9',1:0,Left-footed shot,Arturo Vidal
UEFA Champions League ,Achtelfinale,2/15/17,Home,Bayern Munich,Arsenal FC,5:1,CF,53',2:1,Header,Philipp Lahm
Bundesliga ,21,2/18/17,Away,Bayern Munich,Hertha BSC,1:1,CF,90'+6,1:1,Tap-in,Not Applicable
Bundesliga ,22,2/25/17,Home,Bayern Munich,Hamburger SV,8:0,CF,24',2:0,Penalty,Not Applicable
Bundesliga ,22,2/25/17,Home,Bayern Munich,Hamburger SV,8:0,CF,42',3:0,Right-footed shot,Douglas Costa
Bundesliga ,22,2/25/17,Home,Bayern Munich,Hamburger SV,8:0,CF,54',4:0,Right-footed shot,Arjen Robben
DFB-Pokal ,Viertelfinale,3/1/17,Home,Bayern Munich,FC Schalke 04,3:0,CF,3',1:0,Left-footed shot,Franck Ribéry
DFB-Pokal ,Viertelfinale,3/1/17,Home,Bayern Munich,FC Schalke 04,3:0,CF,29',3:0,Right-footed shot,Franck Ribéry
UEFA Champions League ,Achtelfinale,3/7/17,Away,Bayern Munich,Arsenal FC,1:5,CF,55',1:1,Penalty,Not Applicable
Bundesliga ,24,3/11/17,Home,Bayern Munich,Eintracht Frankfurt,3:0,CF,38',1:0,Right-footed shot,Thomas Müller
Bundesliga ,24,3/11/17,Home,Bayern Munich,Eintracht Frankfurt,3:0,CF,55',3:0,Right-footed shot,Arjen Robben
Bundesliga ,26,4/1/17,Home,Bayern Munich,FC Augsburg,6:0,CF,17',1:0,Left-footed shot,Thiago Alcántara
Bundesliga ,26,4/1/17,Home,Bayern Munich,FC Augsburg,6:0,CF,55',3:0,Right-footed shot,Franck Ribéry
Bundesliga ,26,4/1/17,Home,Bayern Munich,FC Augsburg,6:0,CF,79',5:0,Header,Thomas Müller
Bundesliga ,28,4/8/17,Home,Bayern Munich,Borussia Dortmund,4:1,CF,10',2:0,Direct free kick,Not Applicable
Bundesliga ,28,4/8/17,Home,Bayern Munich,Borussia Dortmund,4:1,CF,68',4:1,Penalty,Not Applicable
UEFA Champions League ,Viertelfinale,4/18/17,Away,Bayern Munich,Real Madrid,4:2,CF,53',0:1,Penalty,Not Applicable
Bundesliga ,31,4/29/17,Away,Bayern Munich,VfL Wolfsburg,0:6,CF,36',0:2,Right-footed shot,Thomas Müller
Bundesliga ,31,4/29/17,Away,Bayern Munich,VfL Wolfsburg,0:6,CF,45',0:3,Left-footed shot,Kingsley Coman
Bundesliga ,33,5/13/17,Away,Bayern Munich,RB Leipzig,4:5,CF,17',1:1,Penalty,Not Applicable
Bundesliga ,33,5/13/17,Away,Bayern Munich,RB Leipzig,4:5,CF,84',4:3,Header,Arjen Robben
DFL-Supercup ,Finale,8/5/17,Away,Bayern Munich,Borussia Dortmund,6:7,CF,18',1:1,Right-footed shot,Joshua Kimmich
DFB-Pokal ,1.Runde,8/12/17,Away,Bayern Munich,Chemnitzer FC,0:5,CF,20',0:1,Direct free kick,Not Applicable
DFB-Pokal ,1.Runde,8/12/17,Away,Bayern Munich,Chemnitzer FC,0:5,CF,60',0:3,Right-footed shot,Corentin Tolisso
Bundesliga ,1,8/18/17,Home,Bayern Munich,Bayer 04 Leverkusen,3:1,CF,53',3:0,Penalty,Not Applicable
Bundesliga ,2,8/26/17,Away,Bayern Munich,SV Werder Bremen,0:2,CF,72',0:1,Right-footed shot,Kingsley Coman
Bundesliga ,2,8/26/17,Away,Bayern Munich,SV Werder Bremen,0:2,CF,75',0:2,Left-footed shot,Not Applicable
UEFA Champions League ,Gruppenphase,9/12/17,Home,Bayern Munich,RSC Anderlecht,3:0,CF,12',1:0,Penalty,Not Applicable
Bundesliga ,4,9/16/17,Home,Bayern Munich,1.FSV Mainz 05,4:0,CF,50',3:0,Left-footed shot,Thomas Müller
Bundesliga ,4,9/16/17,Home,Bayern Munich,1.FSV Mainz 05,4:0,CF,77',4:0,Header,Joshua Kimmich
Bundesliga ,5,9/19/17,Away,Bayern Munich,FC Schalke 04,0:3,CF,25',0:1,Penalty,Not Applicable
Bundesliga ,6,9/22/17,Home,Bayern Munich,VfL Wolfsburg,2:2,CF,33',1:0,Penalty,Not Applicable
Bundesliga ,7,10/1/17,Away,Bayern Munich,Hertha BSC,2:2,CF,49',0:2,Left-footed shot,Corentin Tolisso
Bundesliga ,8,10/14/17,Home,Bayern Munich,SC Freiburg,5:0,CF,75',4:0,Right-footed shot,Thomas Müller
Bundesliga ,10,10/28/17,Home,Bayern Munich,RB Leipzig,2:0,CF,38',2:0,Right-footed shot,Javi Martínez
Bundesliga ,11,11/4/17,Away,Bayern Munich,Borussia Dortmund,1:3,CF,37',0:2,Right-footed shot,Joshua Kimmich
Bundesliga ,12,11/18/17,Home,Bayern Munich,FC Augsburg,3:0,CF,38',2:0,Right-footed shot,Arturo Vidal
Bundesliga ,12,11/18/17,Home,Bayern Munich,FC Augsburg,3:0,CF,49',3:0,Left-footed shot,Joshua Kimmich
UEFA Champions League ,Gruppenphase,11/22/17,Away,Bayern Munich,RSC Anderlecht,1:2,CF,51',0:1,Right-footed shot,Corentin Tolisso
Bundesliga ,14,12/2/17,Home,Bayern Munich,Hannover 96,3:1,CF,87',3:1,Penalty,Not Applicable
UEFA Champions League ,Gruppenphase,12/5/17,Home,Bayern Munich,Paris Saint-Germain,3:1,CF,8',1:0,Left-footed shot,Kingsley Coman
Bundesliga ,16,12/13/17,Home,Bayern Munich,1.FC Köln,1:0,CF,60',1:0,Left-footed shot,Thomas Müller
Bundesliga ,19,1/21/18,Home,Bayern Munich,SV Werder Bremen,4:2,CF,63',2:1,Header,James Rodríguez
Bundesliga ,19,1/21/18,Home,Bayern Munich,SV Werder Bremen,4:2,CF,76',3:2,Header,Thomas Müller
Bundesliga ,20,1/27/18,Home,Bayern Munich,TSG 1899 Hoffenheim,5:2,CF,20',1:2,Left-footed shot,Joshua Kimmich
DFB-Pokal ,Viertelfinale,2/6/18,Away,Bayern Munich,SC Paderborn 07,0:6,CF,25',0:2,Right-footed shot,Kingsley Coman
Bundesliga ,22,2/10/18,Home,Bayern Munich,FC Schalke 04,2:1,CF,6',1:0,Right-footed shot,Thomas Müller
Bundesliga ,23,2/17/18,Away,Bayern Munich,VfL Wolfsburg,1:2,CF,90'+1,1:2,Penalty,Not Applicable
UEFA Champions League ,Achtelfinale,2/20/18,Home,Bayern Munich,Besiktas JK,5:0,CF,79',4:0,Left-footed shot,Mats Hummels
UEFA Champions League ,Achtelfinale,2/20/18,Home,Bayern Munich,Besiktas JK,5:0,CF,88',5:0,Left-footed shot,Thomas Müller
Bundesliga ,26,3/10/18,Home,Bayern Munich,Hamburger SV,6:0,CF,12',2:0,Header,Joshua Kimmich
Bundesliga ,26,3/10/18,Home,Bayern Munich,Hamburger SV,6:0,CF,19',3:0,Right-footed shot,David Alaba
Bundesliga ,26,3/10/18,Home,Bayern Munich,Hamburger SV,6:0,CF,90',6:0,Penalty,Not Applicable
Bundesliga ,28,3/31/18,Home,Bayern Munich,Borussia Dortmund,6:0,CF,5',1:0,Right-footed shot,Thomas Müller
Bundesliga ,28,3/31/18,Home,Bayern Munich,Borussia Dortmund,6:0,CF,44',4:0,Right-footed shot,Franck Ribéry
Bundesliga ,28,3/31/18,Home,Bayern Munich,Borussia Dortmund,6:0,CF,87',6:0,Right-footed shot,Joshua Kimmich
Bundesliga ,30,4/14/18,Home,Bayern Munich,Borussia Mönchengladbach,5:1,CF,82',5:1,Right-footed shot,Not Applicable
DFB-Pokal ,Halbfinale,4/17/18,Away,Bayern Munich,Bayer 04 Leverkusen,2:6,CF,3',0:1,Left-footed shot,Javi Martínez
DFB-Pokal ,Halbfinale,4/17/18,Away,Bayern Munich,Bayer 04 Leverkusen,2:6,CF,9',0:2,Right-footed shot,Franck Ribéry
Bundesliga ,31,4/21/18,Away,Bayern Munich,Hannover 96,0:3,CF,73',0:2,Header,Sebastian Rudy
Bundesliga ,33,5/5/18,Away,Bayern Munich,1.FC Köln,1:3,CF,61',1:2,Right-footed shot,Thomas Müller
DFB-Pokal ,Finale,5/19/18,Home,Bayern Munich,Eintracht Frankfurt,1:3,CF,53',1:1,Left-footed shot,Joshua Kimmich
DFL-Supercup ,Finale,8/12/18,Away,Bayern Munich,Eintracht Frankfurt,0:5,CF,21',0:1,Header,Joshua Kimmich
DFL-Supercup ,Finale,8/12/18,Away,Bayern Munich,Eintracht Frankfurt,0:5,CF,26',0:2,Header,Arjen Robben
DFL-Supercup ,Finale,8/12/18,Away,Bayern Munich,Eintracht Frankfurt,0:5,CF,54',0:3,Left-footed shot,Thomas Müller
DFB-Pokal ,1.Runde,8/18/18,Away,Bayern Munich,SV Drochtersen/Assel,0:1,CF,81',0:1,Left-footed shot,Leon Goretzka
Bundesliga ,1,8/24/18,Home,Bayern Munich,TSG 1899 Hoffenheim,3:1,CF,82',2:1,Penalty,Not Applicable
Bundesliga ,2,9/1/18,Away,Bayern Munich,VfB Stuttgart,0:3,CF,62',0:2,Left-footed shot,Leon Goretzka
UEFA Champions League ,Gruppenphase,9/19/18,Away,Bayern Munich,SL Benfica,0:2,CF,10',0:1,Right-footed shot,David Alaba
Bundesliga ,4,9/22/18,Away,Bayern Munich,FC Schalke 04,0:2,CF,64',0:2,Penalty,Not Applicable
Bundesliga ,8,10/20/18,Away,Bayern Munich,VfL Wolfsburg,1:3,CF,30',0:1,Right-footed shot,Mats Hummels
Bundesliga ,8,10/20/18,Away,Bayern Munich,VfL Wolfsburg,1:3,CF,49',0:2,Right-footed shot,Not Applicable
UEFA Champions League ,Gruppenphase,10/23/18,Away,Bayern Munich,AEK Athens,0:2,CF,63',0:2,Right-footed shot,Rafinha
UEFA Champions League ,Gruppenphase,11/7/18,Home,Bayern Munich,AEK Athens,2:0,CF,31',1:0,Penalty,Not Applicable
UEFA Champions League ,Gruppenphase,11/7/18,Home,Bayern Munich,AEK Athens,2:0,CF,71',2:0,Right-footed shot,Not Applicable
Bundesliga ,11,11/10/18,Away,Bayern Munich,Borussia Dortmund,3:2,CF,26',0:1,Header,Serge Gnabry
Bundesliga ,11,11/10/18,Away,Bayern Munich,Borussia Dortmund,3:2,CF,52',1:2,Header,Joshua Kimmich
UEFA Champions League ,Gruppenphase,11/27/18,Home,Bayern Munich,SL Benfica,5:1,CF,36',3:0,Header,Joshua Kimmich
UEFA Champions League ,Gruppenphase,11/27/18,Home,Bayern Munich,SL Benfica,5:1,CF,51',4:1,Header,Joshua Kimmich
Bundesliga ,14,12/8/18,Home,Bayern Munich,1.FC Nuremberg,3:0,CF,9',1:0,Header,Joshua Kimmich
Bundesliga ,14,12/8/18,Home,Bayern Munich,1.FC Nuremberg,3:0,CF,27',2:0,Right-footed shot,Leon Goretzka
UEFA Champions League ,Gruppenphase,12/12/18,Away,Bayern Munich,Ajax Amsterdam,3:3,CF,13',0:1,Right-footed shot,Serge Gnabry
UEFA Champions League ,Gruppenphase,12/12/18,Away,Bayern Munich,Ajax Amsterdam,3:3,CF,87',2:2,Penalty,Not Applicable
Bundesliga ,15,12/15/18,Away,Bayern Munich,Hannover 96,0:4,CF,62',0:4,Header,Joshua Kimmich
Bundesliga ,18,1/18/19,Away,Bayern Munich,TSG 1899 Hoffenheim,1:3,CF,87',1:3,Left-footed shot,Thomas Müller
Bundesliga ,19,1/27/19,Home,Bayern Munich,VfB Stuttgart,4:1,CF,85',4:1,Right-footed shot,Joshua Kimmich
Bundesliga ,21,2/9/19,Home,Bayern Munich,FC Schalke 04,3:1,CF,27',2:1,Right-footed shot,James Rodríguez
Bundesliga ,24,3/2/19,Away,Bayern Munich,Borussia Mönchengladbach,1:5,CF,47',1:3,Right-footed shot,Thiago Alcántara
Bundesliga ,24,3/2/19,Away,Bayern Munich,Borussia Mönchengladbach,1:5,CF,90'+1,1:5,Penalty,Not Applicable
Bundesliga ,25,3/9/19,Home,Bayern Munich,VfL Wolfsburg,6:0,CF,37',2:0,Right-footed shot,Serge Gnabry
Bundesliga ,25,3/9/19,Home,Bayern Munich,VfL Wolfsburg,6:0,CF,85',6:0,Header,Franck Ribéry
Bundesliga ,26,3/17/19,Home,Bayern Munich,1.FSV Mainz 05,6:0,CF,3',1:0,Right-footed shot,David Alaba
Bundesliga ,27,3/30/19,Away,Bayern Munich,SC Freiburg,1:1,CF,22',1:1,Left-footed shot,Leon Goretzka
DFB-Pokal ,Viertelfinale,4/3/19,Home,Bayern Munich,1.FC Heidenheim 1846,5:4,CF,56',3:2,Right-footed shot,Thomas Müller
DFB-Pokal ,Viertelfinale,4/3/19,Home,Bayern Munich,1.FC Heidenheim 1846,5:4,CF,84',5:4,Penalty,Not Applicable
Bundesliga ,28,4/6/19,Home,Bayern Munich,Borussia Dortmund,5:0,CF,17',2:0,Right-footed shot,Not Applicable
Bundesliga ,28,4/6/19,Home,Bayern Munich,Borussia Dortmund,5:0,CF,89',5:0,Right-footed shot,Serge Gnabry
DFB-Pokal ,Halbfinale,4/24/19,Away,Bayern Munich,SV Werder Bremen,2:3,CF,36',0:1,Right-footed shot,Thomas Müller
DFB-Pokal ,Halbfinale,4/24/19,Away,Bayern Munich,SV Werder Bremen,2:3,CF,80',2:3,Penalty,Not Applicable
Bundesliga ,32,5/4/19,Home,Bayern Munich,Hannover 96,3:1,CF,27',1:0,Header,Joshua Kimmich
DFB-Pokal ,Finale,5/25/19,Away,Bayern Munich,RB Leipzig,0:3,CF,29',0:1,Header,David Alaba
DFB-Pokal ,Finale,5/25/19,Away,Bayern Munich,RB Leipzig,0:3,CF,85',0:3,Left-footed shot,Joshua Kimmich
DFB-Pokal ,1.Runde,8/12/19,Away,Bayern Munich,FC Energie Cottbus,1:3,CF,32',0:1,Tap-in,Kingsley Coman
Bundesliga ,1,8/16/19,Home,Bayern Munich,Hertha BSC,2:2,CF,24',1:0,Left-footed shot,Serge Gnabry
Bundesliga ,1,8/16/19,Home,Bayern Munich,Hertha BSC,2:2,CF,60',2:2,Penalty,Not Applicable
Bundesliga ,2,8/24/19,Away,Bayern Munich,FC Schalke 04,0:3,CF,20',0:1,Penalty,Not Applicable
Bundesliga ,2,8/24/19,Away,Bayern Munich,FC Schalke 04,0:3,CF,50',0:2,Direct free kick,Not Applicable
Bundesliga ,2,8/24/19,Away,Bayern Munich,FC Schalke 04,0:3,CF,75',0:3,Right-footed shot,Kingsley Coman
Bundesliga ,3,8/31/19,Home,Bayern Munich,1.FSV Mainz 05,6:1,CF,78',5:1,Right-footed shot,Thomas Müller
Bundesliga ,4,9/14/19,Away,Bayern Munich,RB Leipzig,1:1,CF,3',0:1,Right-footed shot,Thomas Müller
UEFA Champions League ,Gruppenphase,9/18/19,Home,Bayern Munich,Red Star Belgrade,3:0,CF,80',2:0,Right-footed shot,Not Applicable
Bundesliga ,5,9/21/19,Home,Bayern Munich,1.FC Köln,4:0,CF,3',1:0,Right-footed shot,Joshua Kimmich
Bundesliga ,5,9/21/19,Home,Bayern Munich,1.FC Köln,4:0,CF,48',2:0,Header,Joshua Kimmich
Bundesliga ,6,9/28/19,Away,Bayern Munich,SC Paderborn 07,2:3,CF,79',1:3,Right-footed shot,Niklas Süle
UEFA Champions League ,Gruppenphase,10/1/19,Away,Bayern Munich,Tottenham Hotspur,2:7,CF,45',1:2,Right-footed shot,Serge Gnabry
UEFA Champions League ,Gruppenphase,10/1/19,Away,Bayern Munich,Tottenham Hotspur,2:7,CF,87',2:6,Right-footed shot,Philippe Coutinho
Bundesliga ,7,10/5/19,Home,Bayern Munich,TSG 1899 Hoffenheim,1:2,CF,73',1:1,Header,Thomas Müller
Bundesliga ,8,10/19/19,Away,Bayern Munich,FC Augsburg,2:2,CF,14',1:1,Header,Serge Gnabry
UEFA Champions League ,Gruppenphase,10/22/19,Away,Bayern Munich,Olympiacos Piraeus,2:3,CF,34',1:1,Tap-in,Thomas Müller
UEFA Champions League ,Gruppenphase,10/22/19,Away,Bayern Munich,Olympiacos Piraeus,2:3,CF,62',1:2,Right-footed shot,Thomas Müller
Bundesliga ,9,10/26/19,Home,Bayern Munich,1.FC Union Berlin,2:1,CF,53',2:0,Right-footed shot,Not Applicable
Bundesliga ,10,11/2/19,Away,Bayern Munich,Eintracht Frankfurt,5:1,CF,37',2:1,Right-footed shot,Alphonso Davies
UEFA Champions League ,Gruppenphase,11/6/19,Home,Bayern Munich,Olympiacos Piraeus,2:0,CF,69',1:0,Right-footed shot,Kingsley Coman
Bundesliga ,11,11/9/19,Home,Bayern Munich,Borussia Dortmund,4:0,CF,17',1:0,Header,Benjamin Pavard
Bundesliga ,11,11/9/19,Home,Bayern Munich,Borussia Dortmund,4:0,CF,76',3:0,Right-footed shot,Thomas Müller
UEFA Champions League ,Gruppenphase,11/26/19,Away,Bayern Munich,Red Star Belgrade,0:6,CF,53',0:2,Penalty,Not Applicable
UEFA Champions League ,Gruppenphase,11/26/19,Away,Bayern Munich,Red Star Belgrade,0:6,CF,60',0:3,Tap-in,Corentin Tolisso
UEFA Champions League ,Gruppenphase,11/26/19,Away,Bayern Munich,Red Star Belgrade,0:6,CF,64',0:4,Header,Benjamin Pavard
UEFA Champions League ,Gruppenphase,11/26/19,Away,Bayern Munich,Red Star Belgrade,0:6,CF,67',0:5,Right-footed shot,Ivan Perisic
Bundesliga ,15,12/14/19,Home,Bayern Munich,SV Werder Bremen,6:1,CF,45'+4,2:1,Left-footed shot,Philippe Coutinho
Bundesliga ,15,12/14/19,Home,Bayern Munich,SV Werder Bremen,6:1,CF,72',4:1,Right-footed shot,Thomas Müller
Bundesliga ,16,12/18/19,Away,Bayern Munich,SC Freiburg,1:3,CF,16',0:1,Right-footed shot,Alphonso Davies
Bundesliga ,18,1/19/20,Away,Bayern Munich,Hertha BSC,0:4,CF,73',0:2,Penalty,Not Applicable
Bundesliga ,19,1/25/20,Home,Bayern Munich,FC Schalke 04,5:0,CF,6',1:0,Right-footed shot,Ivan Perisic
Bundesliga ,20,2/1/20,Away,Bayern Munich,1.FSV Mainz 05,1:3,CF,8',0:1,Header,Benjamin Pavard
DFB-Pokal ,Achtelfinale,2/5/20,Home,Bayern Munich,TSG 1899 Hoffenheim,4:3,CF,36',3:1,Header,Thomas Müller
DFB-Pokal ,Achtelfinale,2/5/20,Home,Bayern Munich,TSG 1899 Hoffenheim,4:3,CF,80',4:1,Header,Joshua Kimmich
Bundesliga ,22,2/16/20,Away,Bayern Munich,1.FC Köln,1:4,CF,3',0:1,Left-footed shot,Thomas Müller
Bundesliga ,23,2/21/20,Home,Bayern Munich,SC Paderborn 07,3:2,CF,70',2:1,Right-footed shot,Serge Gnabry
Bundesliga ,23,2/21/20,Home,Bayern Munich,SC Paderborn 07,3:2,CF,88',3:2,Right-footed shot,Serge Gnabry
UEFA Champions League ,Achtelfinale,2/25/20,Away,Bayern Munich,Chelsea FC,0:3,CF,76',0:3,Right-footed shot,Alphonso Davies
Bundesliga ,26,5/17/20,Away,Bayern Munich,1.FC Union Berlin,0:2,CF,40',0:1,Penalty,Not Applicable
Bundesliga ,27,5/23/20,Home,Bayern Munich,Eintracht Frankfurt,5:2,CF,46',3:0,Header,Kingsley Coman
Bundesliga ,29,5/30/20,Home,Bayern Munich,Fortuna Düsseldorf,5:0,CF,43',3:0,Right-footed shot,Thomas Müller
Bundesliga ,29,5/30/20,Home,Bayern Munich,Fortuna Düsseldorf,5:0,CF,50',4:0,Right-footed shot,Serge Gnabry
Bundesliga ,30,6/6/20,Away,Bayern Munich,Bayer 04 Leverkusen,2:4,CF,66',1:4,Header,Thomas Müller
DFB-Pokal ,Halbfinale,6/10/20,Home,Bayern Munich,Eintracht Frankfurt,2:1,CF,74',2:1,Left-footed shot,Joshua Kimmich
Bundesliga ,32,6/16/20,Away,Bayern Munich,SV Werder Bremen,0:1,CF,43',0:1,Right-footed shot,Jérôme Boateng
Bundesliga ,33,6/20/20,Home,Bayern Munich,SC Freiburg,3:1,CF,24',2:0,Header,Leon Goretzka
Bundesliga ,33,6/20/20,Home,Bayern Munich,SC Freiburg,3:1,CF,37',3:1,Right-footed shot,Lucas Hernández
Bundesliga ,34,6/27/20,Away,Bayern Munich,VfL Wolfsburg,0:4,CF,72',0:3,Penalty,Not Applicable
DFB-Pokal ,Finale,7/4/20,Away,Bayern Munich,Bayer 04 Leverkusen,2:4,CF,59',0:3,Right-footed shot,Manuel Neuer
DFB-Pokal ,Finale,7/4/20,Away,Bayern Munich,Bayer 04 Leverkusen,2:4,CF,89',1:4,Right-footed shot,Ivan Perisic
UEFA Champions League ,Achtelfinale,8/8/20,Home,Bayern Munich,Chelsea FC,4:1,CF,10',1:0,Penalty,Not Applicable
UEFA Champions League ,Achtelfinale,8/8/20,Home,Bayern Munich,Chelsea FC,4:1,CF,83',4:1,Header,Álvaro Odriozola
UEFA Champions League ,Viertelfinale,8/14/20,Away,Bayern Munich,FC Barcelona,2:8,CF,82',2:6,Header,Philippe Coutinho
UEFA Champions League ,Halbfinale,8/19/20,Away,Bayern Munich,Olympique Lyon,0:3,CF,88',0:3,Header,Joshua Kimmich
Bundesliga ,1,9/18/20,Home,Bayern Munich,FC Schalke 04,8:0,CF,31',3:0,Penalty,Not Applicable
Bundesliga ,3,10/4/20,Home,Bayern Munich,Hertha BSC,4:3,CF,40',1:0,Right-footed shot,Serge Gnabry
Bundesliga ,3,10/4/20,Home,Bayern Munich,Hertha BSC,4:3,CF,51',2:0,Right-footed shot,Chris Richards
Bundesliga ,3,10/4/20,Home,Bayern Munich,Hertha BSC,4:3,CF,85',3:2,Left-footed shot,Thomas Müller
Bundesliga ,3,10/4/20,Home,Bayern Munich,Hertha BSC,4:3,CF,90'+3,4:3,Penalty,Not Applicable
Bundesliga ,4,10/17/20,Away,Bayern Munich,Arminia Bielefeld,1:4,CF,25',0:2,Right-footed shot,Leon Goretzka
Bundesliga ,4,10/17/20,Away,Bayern Munich,Arminia Bielefeld,1:4,CF,45'+1,0:3,Right-footed shot,Thomas Müller
Bundesliga ,5,10/24/20,Home,Bayern Munich,Eintracht Frankfurt,5:0,CF,10',1:0,Left-footed shot,Kingsley Coman
Bundesliga ,5,10/24/20,Home,Bayern Munich,Eintracht Frankfurt,5:0,CF,26',2:0,Header,Joshua Kimmich
Bundesliga ,5,10/24/20,Home,Bayern Munich,Eintracht Frankfurt,5:0,CF,60',3:0,Right-footed shot,Douglas Costa
UEFA Champions League ,Gruppenphase,11/3/20,Away,Bayern Munich,Red Bull Salzburg,2:6,CF,21',1:1,Penalty,Not Applicable
UEFA Champions League ,Gruppenphase,11/3/20,Away,Bayern Munich,Red Bull Salzburg,2:6,CF,88',2:5,Header,Javi Martínez
Bundesliga ,7,11/7/20,Away,Bayern Munich,Borussia Dortmund,2:3,CF,48',1:2,Header,Lucas Hernández
UEFA Champions League ,Gruppenphase,11/25/20,Home,Bayern Munich,Red Bull Salzburg,3:1,CF,42',1:0,Left-footed shot,Not Applicable
Bundesliga ,9,11/28/20,Away,Bayern Munich,VfB Stuttgart,1:3,CF,45'+1,1:2,Right-footed shot,Kingsley Coman
Bundesliga ,11,12/12/20,Away,Bayern Munich,1.FC Union Berlin,1:1,CF,67',1:1,Right-footed shot,Kingsley Coman
Bundesliga ,12,12/16/20,Home,Bayern Munich,VfL Wolfsburg,2:1,CF,45'+1,1:1,Header,Kingsley Coman
Bundesliga ,12,12/16/20,Home,Bayern Munich,VfL Wolfsburg,2:1,CF,50',2:1,Right-footed shot,Jérôme Boateng
Bundesliga ,13,12/19/20,Away,Bayern Munich,Bayer 04 Leverkusen,1:2,CF,43',1:1,Header,Thomas Müller
Bundesliga ,13,12/19/20,Away,Bayern Munich,Bayer 04 Leverkusen,1:2,CF,90'+3,1:2,Deflected shot on goal,Joshua Kimmich
Bundesliga ,14,1/3/21,Home,Bayern Munich,1.FSV Mainz 05,5:2,CF,76',4:2,Penalty,Not Applicable
Bundesliga ,14,1/3/21,Home,Bayern Munich,1.FSV Mainz 05,5:2,CF,83',5:2,Right-footed shot,Thomas Müller
Bundesliga ,15,1/8/21,Away,Bayern Munich,Borussia Mönchengladbach,3:2,CF,20',0:1,Penalty,Not Applicable
Bundesliga ,16,1/17/21,Home,Bayern Munich,SC Freiburg,2:1,CF,7',1:0,Left-footed shot,Thomas Müller
Bundesliga ,17,1/20/21,Away,Bayern Munich,FC Augsburg,0:1,CF,13',0:1,Penalty,Not Applicable
Bundesliga ,18,1/24/21,Away,Bayern Munich,FC Schalke 04,0:4,CF,54',0:2,Right-footed shot,Joshua Kimmich
Bundesliga ,19,1/30/21,Home,Bayern Munich,TSG 1899 Hoffenheim,4:1,CF,57',3:1,Right-footed shot,Not Applicable
Club World Cup ,Halbfinale,2/8/21,Away,Bayern Munich,Al Ahly FC,0:2,CF,17',0:1,Right-footed shot,Serge Gnabry
Club World Cup ,Halbfinale,2/8/21,Away,Bayern Munich,Al Ahly FC,0:2,CF,85',0:2,Header,Leroy Sané
Bundesliga ,21,2/15/21,Home,Bayern Munich,Arminia Bielefeld,3:3,CF,48',1:2,Right-footed shot,David Alaba
Bundesliga ,22,2/20/21,Away,Bayern Munich,Eintracht Frankfurt,2:1,CF,53',2:1,Right-footed shot,Leroy Sané
UEFA Champions League ,Achtelfinale,2/23/21,Away,Bayern Munich,SS Lazio,1:4,CF,9',0:1,Left-footed shot,Not Applicable
Bundesliga ,23,2/27/21,Home,Bayern Munich,1.FC Köln,5:1,CF,33',2:0,Right-footed shot,Leon Goretzka
Bundesliga ,23,2/27/21,Home,Bayern Munich,1.FC Köln,5:1,CF,65',3:1,Right-footed shot,Thomas Müller
Bundesliga ,24,3/6/21,Home,Bayern Munich,Borussia Dortmund,4:2,CF,26',1:2,Right-footed shot,Leroy Sané
Bundesliga ,24,3/6/21,Home,Bayern Munich,Borussia Dortmund,4:2,CF,44',2:2,Penalty,Not Applicable
Bundesliga ,24,3/6/21,Home,Bayern Munich,Borussia Dortmund,4:2,CF,90',4:2,Right-footed shot,Alphonso Davies
Bundesliga ,25,3/13/21,Away,Bayern Munich,SV Werder Bremen,1:3,CF,67',0:3,Right-footed shot,Not Applicable
UEFA Champions League ,Achtelfinale,3/17/21,Home,Bayern Munich,SS Lazio,2:1,CF,33',1:0,Penalty,Not Applicable
Bundesliga ,26,3/20/21,Home,Bayern Munich,VfB Stuttgart,4:0,CF,18',1:0,Right-footed shot,Serge Gnabry
Bundesliga ,26,3/20/21,Home,Bayern Munich,VfB Stuttgart,4:0,CF,23',3:0,Header,Thomas Müller
Bundesliga ,26,3/20/21,Home,Bayern Munich,VfB Stuttgart,4:0,CF,39',4:0,Left-footed shot,Not Applicable
Bundesliga ,31,4/24/21,Away,Bayern Munich,1.FSV Mainz 05,2:1,CF,90'+4,2:1,Right-footed shot,Not Applicable
Bundesliga ,32,5/8/21,Home,Bayern Munich,Borussia Mönchengladbach,6:0,CF,2',1:0,Right-footed shot,David Alaba
Bundesliga ,32,5/8/21,Home,Bayern Munich,Borussia Mönchengladbach,6:0,CF,34',3:0,Right-footed shot,Thomas Müller
Bundesliga ,32,5/8/21,Home,Bayern Munich,Borussia Mönchengladbach,6:0,CF,66',5:0,Penalty,Not Applicable
Bundesliga ,33,5/15/21,Away,Bayern Munich,SC Freiburg,2:2,CF,26',0:1,Penalty,Not Applicable
Bundesliga ,34,5/22/21,Home,Bayern Munich,FC Augsburg,5:2,CF,90',5:2,Right-footed shot,Leroy Sané
Bundesliga ,1,8/13/21,Away,Bayern Munich,Borussia Mönchengladbach,1:1,CF,42',1:1,Right-footed shot,Joshua Kimmich
DFL-Supercup ,Finale,8/17/21,Away,Bayern Munich,Borussia Dortmund,1:3,CF,41',0:1,Header,Serge Gnabry
DFL-Supercup ,Finale,8/17/21,Away,Bayern Munich,Borussia Dortmund,1:3,CF,74',1:3,Right-footed shot,Corentin Tolisso
Bundesliga ,2,8/22/21,Home,Bayern Munich,1.FC Köln,3:2,CF,50',1:0,Right-footed shot,Jamal Musiala
Bundesliga ,3,8/28/21,Home,Bayern Munich,Hertha BSC,5:0,CF,35',2:0,Header,Not Applicable
Bundesliga ,3,8/28/21,Home,Bayern Munich,Hertha BSC,5:0,CF,70',4:0,Left-footed shot,Leroy Sané
Bundesliga ,3,8/28/21,Home,Bayern Munich,Hertha BSC,5:0,CF,84',5:0,Header,Tanguy Nianzou
Bundesliga ,4,9/11/21,Away,Bayern Munich,RB Leipzig,1:4,CF,12',0:1,Penalty,Not Applicable
UEFA Champions League ,Gruppenphase,9/14/21,Away,Bayern Munich,FC Barcelona,0:3,CF,56',0:2,Left-footed shot,Not Applicable
UEFA Champions League ,Gruppenphase,9/14/21,Away,Bayern Munich,FC Barcelona,0:3,CF,85',0:3,Left-footed shot,Not Applicable
Bundesliga ,5,9/18/21,Home,Bayern Munich,VfL Bochum,7:0,CF,61',5:0,Right-footed shot,Not Applicable
UEFA Champions League ,Gruppenphase,9/29/21,Home,Bayern Munich,Dynamo Kyiv,5:0,CF,12',1:0,Penalty,Not Applicable
UEFA Champions League ,Gruppenphase,9/29/21,Home,Bayern Munich,Dynamo Kyiv,5:0,CF,27',2:0,Right-footed shot,Thomas Müller
Bundesliga ,8,10/17/21,Away,Bayern Munich,Bayer 04 Leverkusen,1:5,CF,3',0:1,Right-footed shot,Dayot Upamecano
Bundesliga ,8,10/17/21,Away,Bayern Munich,Bayer 04 Leverkusen,1:5,CF,30',0:2,Right-footed shot,Alphonso Davies
UEFA Champions League ,Gruppenphase,10/20/21,Away,Bayern Munich,SL Benfica,0:4,CF,82',0:3,Left-footed shot,Leroy Sané
Bundesliga ,9,10/23/21,Home,Bayern Munich,TSG 1899 Hoffenheim,4:0,CF,30',2:0,Right-footed shot,Thomas Müller
Bundesliga ,10,10/30/21,Away,Bayern Munich,1.FC Union Berlin,2:5,CF,15',0:1,Penalty,Not Applicable
Bundesliga ,10,10/30/21,Away,Bayern Munich,1.FC Union Berlin,2:5,CF,23',0:2,Right-footed shot,Thomas Müller
UEFA Champions League ,Gruppenphase,11/2/21,Home,Bayern Munich,SL Benfica,5:2,CF,26',1:0,Header,Kingsley Coman
UEFA Champions League ,Gruppenphase,11/2/21,Home,Bayern Munich,SL Benfica,5:2,CF,61',4:1,Right-footed shot,Leroy Sané
UEFA Champions League ,Gruppenphase,11/2/21,Home,Bayern Munich,SL Benfica,5:2,CF,84',5:2,Right-footed shot,Manuel Neuer
Bundesliga ,11,11/6/21,Home,Bayern Munich,SC Freiburg,2:1,CF,75',2:0,Right-footed shot,Leroy Sané
Bundesliga ,12,11/19/21,Away,Bayern Munich,FC Augsburg,2:1,CF,38',2:1,Right-footed shot,Thomas Müller
UEFA Champions League ,Gruppenphase,11/23/21,Away,Bayern Munich,Dynamo Kyiv,1:2,CF,14',0:1,Right-footed shot,Not Applicable
Bundesliga ,14,12/4/21,Away,Bayern Munich,Borussia Dortmund,2:3,CF,9',1:1,Right-footed shot,Thomas Müller
Bundesliga ,14,12/4/21,Away,Bayern Munich,Borussia Dortmund,2:3,CF,77',2:3,Penalty,Not Applicable
Bundesliga ,16,12/14/21,Away,Bayern Munich,VfB Stuttgart,0:5,CF,69',0:3,Right-footed shot,Serge Gnabry
Bundesliga ,16,12/14/21,Away,Bayern Munich,VfB Stuttgart,0:5,CF,72',0:4,Right-footed shot,Serge Gnabry
Bundesliga ,17,12/17/21,Home,Bayern Munich,VfL Wolfsburg,4:0,CF,87',4:0,Left-footed shot,Jamal Musiala
Bundesliga ,18,1/7/22,Home,Bayern Munich,Borussia Mönchengladbach,1:2,CF,18',1:0,Right-footed shot,Thomas Müller
Bundesliga ,19,1/15/22,Away,Bayern Munich,1.FC Köln,0:4,CF,9',0:1,Counter attack goal,Thomas Müller
Bundesliga ,19,1/15/22,Away,Bayern Munich,1.FC Köln,0:4,CF,62',0:3,Left-footed shot,Leroy Sané
Bundesliga ,19,1/15/22,Away,Bayern Munich,1.FC Köln,0:4,CF,74',0:4,Left-footed shot,Leroy Sané
Bundesliga ,21,2/5/22,Home,Bayern Munich,RB Leipzig,3:2,CF,44',2:1,Header,Kingsley Coman
Bundesliga ,22,2/12/22,Away,Bayern Munich,VfL Bochum,4:2,CF,9',0:1,Right-footed shot,Kingsley Coman
Bundesliga ,22,2/12/22,Away,Bayern Munich,VfL Bochum,4:2,CF,75',4:2,Right-footed shot,Not Applicable
Bundesliga ,23,2/20/22,Home,Bayern Munich,SpVgg Greuther Fürth,4:1,CF,46',1:1,Left-footed shot,Eric-Maxim Choupo-Moting
Bundesliga ,23,2/20/22,Home,Bayern Munich,SpVgg Greuther Fürth,4:1,CF,82',3:1,Header,Niklas Süle
UEFA Champions League ,Achtelfinale,3/8/22,Home,Bayern Munich,Red Bull Salzburg,7:1,CF,12',1:0,Penalty,Not Applicable
UEFA Champions League ,Achtelfinale,3/8/22,Home,Bayern Munich,Red Bull Salzburg,7:1,CF,21',2:0,Penalty,Not Applicable
UEFA Champions League ,Achtelfinale,3/8/22,Home,Bayern Munich,Red Bull Salzburg,7:1,CF,23',3:0,Right-footed shot,Not Applicable
Bundesliga ,26,3/12/22,Away,Bayern Munich,TSG 1899 Hoffenheim,1:1,CF,45'+3,1:1,Header,Joshua Kimmich
Bundesliga ,27,3/19/22,Home,Bayern Munich,1.FC Union Berlin,4:0,CF,45'+1,3:0,Penalty,Not Applicable
Bundesliga ,27,3/19/22,Home,Bayern Munich,1.FC Union Berlin,4:0,CF,47',4:0,Left-footed shot,Jamal Musiala
Bundesliga ,29,4/9/22,Home,Bayern Munich,FC Augsburg,1:0,CF,82',1:0,Penalty,Not Applicable
UEFA Champions League ,Viertelfinale,4/12/22,Home,Bayern Munich,Villarreal CF,1:1,CF,52',1:0,Right-footed shot,Thomas Müller
Bundesliga ,31,4/23/22,Home,Bayern Munich,Borussia Dortmund,3:1,CF,34',2:0,Left-footed shot,Thomas Müller
Bundesliga ,32,4/30/22,Away,Bayern Munich,1.FSV Mainz 05,3:1,CF,33',2:1,Left-footed shot,Eric-Maxim Choupo-Moting
Bundesliga ,34,5/14/22,Away,Bayern Munich,VfL Wolfsburg,2:2,CF,40',0:2,Header,Thomas Müller
LaLiga ,2,8/21/22,Away,FC Barcelona,Real Sociedad,1:4,CF,1',0:1,Counter attack goal,Alejandro Balde
LaLiga ,2,8/21/22,Away,FC Barcelona,Real Sociedad,1:4,CF,68',1:3,Right-footed shot,Ansu Fati
LaLiga ,3,8/28/22,Home,FC Barcelona,Real Valladolid CF,4:0,CF,24',1:0,Left-footed shot,Raphinha
LaLiga ,3,8/28/22,Home,FC Barcelona,Real Valladolid CF,4:0,CF,64',3:0,Not reported,Ousmane Dembélé
LaLiga ,4,9/3/22,Away,FC Barcelona,Sevilla FC,0:3,CF,36',0:2,Right-footed shot,Jules Koundé
UEFA Champions League ,Gruppenphase,9/7/22,Home,FC Barcelona,FC Viktoria Plzen,5:1,CF,34',2:0,Right-footed shot,Sergi Roberto
UEFA Champions League ,Gruppenphase,9/7/22,Home,FC Barcelona,FC Viktoria Plzen,5:1,CF,45'+3,3:1,Header,Ousmane Dembélé
UEFA Champions League ,Gruppenphase,9/7/22,Home,FC Barcelona,FC Viktoria Plzen,5:1,CF,67',4:1,Right-footed shot,Ferran Torres
LaLiga ,5,9/10/22,Away,FC Barcelona,Cádiz CF,0:4,CF,65',0:2,Tap-in,Not Applicable
LaLiga ,6,9/17/22,Home,FC Barcelona,Elche CF,3:0,CF,34',1:0,Not reported,Alejandro Balde
LaLiga ,6,9/17/22,Home,FC Barcelona,Elche CF,3:0,CF,48',3:0,Not reported,Not Applicable
LaLiga ,7,10/1/22,Away,FC Barcelona,RCD Mallorca,0:1,CF,20',0:1,Right-footed shot,Ansu Fati
UEFA Champions League ,Gruppenphase,10/12/22,Home,FC Barcelona,Inter Milan,3:3,CF,82',2:2,Left-footed shot,Not Applicable
UEFA Champions League ,Gruppenphase,10/12/22,Home,FC Barcelona,Inter Milan,3:3,CF,90'+2,3:3,Header,Eric García
LaLiga ,10,10/20/22,Home,FC Barcelona,Villarreal CF,3:0,CF,31',1:0,Right-footed shot,Jordi Alba
LaLiga ,10,10/20/22,Home,FC Barcelona,Villarreal CF,3:0,CF,35',2:0,Counter attack goal,Gavi
LaLiga ,11,10/23/22,Home,FC Barcelona,Athletic Bilbao,4:0,CF,22',3:0,Left-footed shot,Ousmane Dembélé
LaLiga ,12,10/29/22,Away,FC Barcelona,Valencia CF,0:1,CF,90'+3,0:1,Right-footed shot,Raphinha
Supercopa ,Halbfinale,1/12/23,Away,FC Barcelona,Real Betis Balompié,4:6,CF,40',0:1,Right-footed shot,Not Applicable
Supercopa ,Finale,1/15/23,Away,FC Barcelona,Real Madrid,1:3,CF,45',0:2,Right-footed shot,Gavi
Copa del Rey ,Achtelfinale,1/19/23,Away,FC Barcelona,AD Ceuta FC,0:5,CF,50',0:2,Right-footed shot,Franck Kessié
Copa del Rey ,Achtelfinale,1/19/23,Away,FC Barcelona,AD Ceuta FC,0:5,CF,90',0:5,Right-footed shot,Eric García
LaLiga ,17,2/1/23,Away,FC Barcelona,Real Betis Balompié,1:2,CF,80',0:2,Right-footed shot,Ronald Araujo
LaLiga ,22,2/19/23,Home,FC Barcelona,Cádiz CF,2:0,CF,45'+1,2:0,Right-footed shot,Sergi Roberto
Europa League ,Zwischenrunde,2/23/23,Away,FC Barcelona,Manchester United,2:1,CF,18',0:1,Penalty,Not Applicable
LaLiga ,27,4/1/23,Away,FC Barcelona,Elche CF,0:4,CF,20',0:1,Right-footed shot,Ronald Araujo
LaLiga ,27,4/1/23,Away,FC Barcelona,Elche CF,0:4,CF,66',0:3,Right-footed shot,Gavi
LaLiga ,31,4/26/23,Away,FC Barcelona,Rayo Vallecano,2:1,CF,83',2:1,Left-footed shot,Not Applicable
LaLiga ,32,4/29/23,Home,FC Barcelona,Real Betis Balompié,4:0,CF,36',2:0,Not reported,Jules Koundé
LaLiga ,34,5/14/23,Away,FC Barcelona,RCD Espanyol Barcelona,2:4,CF,11',0:1,Left-footed shot,Alejandro Balde
LaLiga ,34,5/14/23,Away,FC Barcelona,RCD Espanyol Barcelona,2:4,CF,40',0:3,Left-footed shot,Raphinha
LaLiga ,35,5/20/23,Home,FC Barcelona,Real Sociedad,1:2,CF,90',1:2,Header,Ferran Torres
LaLiga ,36,5/23/23,Away,FC Barcelona,Real Valladolid CF,3:1,CF,84',3:1,Left-footed shot,Frenkie de Jong
LaLiga ,3,8/27/23,Away,FC Barcelona,Villarreal CF,3:4,CF,71',3:4,Left-footed shot,Not Applicable
LaLiga ,4,9/3/23,Away,FC Barcelona,CA Osasuna,1:2,CF,85',1:2,Penalty,Not Applicable
LaLiga ,5,9/16/23,Home,FC Barcelona,Real Betis Balompié,5:0,CF,32',2:0,Right-footed shot,Andreas Christensen
UEFA Champions League ,Gruppenphase,9/19/23,Home,FC Barcelona,Royal Antwerp FC,5:0,CF,19',2:0,Right-footed shot,João Félix
LaLiga ,6,9/23/23,Home,FC Barcelona,Celta de Vigo,3:2,CF,81',1:2,Right-footed shot,João Félix
LaLiga ,6,9/23/23,Home,FC Barcelona,Celta de Vigo,3:2,CF,85',2:2,Right-footed shot,João Cancelo
LaLiga ,13,11/12/23,Home,FC Barcelona,Deportivo Alavés,2:1,CF,53',1:1,Header,Jules Koundé
LaLiga ,13,11/12/23,Home,FC Barcelona,Deportivo Alavés,2:1,CF,78',2:1,Penalty,Not Applicable
LaLiga ,16,12/10/23,Home,FC Barcelona,Girona FC,2:4,CF,19',1:1,Header,Raphinha
Copa del Rey ,3.Runde,1/7/24,Away,FC Barcelona,UD Barbastro,2:3,CF,88',1:3,Penalty,Not Applicable
Supercopa ,Halbfinale,1/11/24,Home,FC Barcelona,CA Osasuna,2:0,CF,59',1:0,Right-footed shot,İlkay Gündoğan
Supercopa ,Finale,1/14/24,Away,FC Barcelona,Real Madrid,4:1,CF,33',2:1,Right-footed shot,Not Applicable
Copa del Rey ,Viertelfinale,1/24/24,Away,FC Barcelona,Athletic Bilbao,4:2,CF,26',1:1,Left-footed shot,Not Applicable
LaLiga ,23,2/3/24,Away,FC Barcelona,Deportivo Alavés,1:3,CF,22',0:1,Right-footed shot,İlkay Gündoğan
LaLiga ,24,2/11/24,Home,FC Barcelona,Granada CF,3:3,CF,63',2:2,Right-footed shot,İlkay Gündoğan
LaLiga ,25,2/17/24,Away,FC Barcelona,Celta de Vigo,1:2,CF,45',0:1,Right-footed shot,Lamine Yamal
LaLiga ,25,2/17/24,Away,FC Barcelona,Celta de Vigo,1:2,CF,90'+7,1:2,Penalty,Not Applicable
UEFA Champions League ,Achtelfinale,2/21/24,Away,FC Barcelona,SSC Napoli,1:1,CF,60',0:1,Right-footed shot,Pedri
UEFA Champions League ,Achtelfinale,3/12/24,Home,FC Barcelona,SSC Napoli,3:1,CF,83',3:1,Left-footed shot,Sergi Roberto
LaLiga ,29,3/17/24,Away,FC Barcelona,Atlético de Madrid,0:3,CF,47',0:2,Right-footed shot,Raphinha
LaLiga ,33,4/29/24,Home,FC Barcelona,Valencia CF,4:2,CF,49',2:2,Header,İlkay Gündoğan
LaLiga ,33,4/29/24,Home,FC Barcelona,Valencia CF,4:2,CF,82',3:2,Header,Ronald Araujo
LaLiga ,33,4/29/24,Home,FC Barcelona,Valencia CF,4:2,CF,90'+3,4:2,Direct free kick,Not Applicable
LaLiga ,34,5/4/24,Away,FC Barcelona,Girona FC,4:2,CF,45'+1,1:2,Penalty,Not Applicable
LaLiga ,37,5/19/24,Home,FC Barcelona,Rayo Vallecano,3:0,CF,3',1:0,Right-footed shot,Lamine Yamal
LaLiga ,38,5/26/24,Away,FC Barcelona,Sevilla FC,1:2,CF,15',0:1,Right-footed shot,João Cancelo
LaLiga ,1,8/17/24,Away,FC Barcelona,Valencia CF,1:2,CF,45'+5,1:1,Tap-in,Lamine Yamal
LaLiga ,1,8/17/24,Away,FC Barcelona,Valencia CF,1:2,CF,49',1:2,Penalty,Not Applicable
LaLiga ,2,8/24/24,Home,FC Barcelona,Athletic Bilbao,2:1,CF,75',2:1,Left-footed shot,Not Applicable
LaLiga ,4,8/31/24,Home,FC Barcelona,Real Valladolid CF,7:0,CF,24',2:0,Left-footed shot,Lamine Yamal
LaLiga ,6,9/22/24,Away,FC Barcelona,Villarreal CF,1:5,CF,20',0:1,Right-footed shot,Pablo Torre
LaLiga ,6,9/22/24,Away,FC Barcelona,Villarreal CF,1:5,CF,35',0:2,Right-footed shot,Not Applicable
LaLiga ,7,9/25/24,Home,FC Barcelona,Getafe CF,1:0,CF,19',1:0,Right-footed shot,Not Applicable
UEFA Champions League ,Gruppenphase,10/1/24,Home,FC Barcelona,BSC Young Boys,5:0,CF,8',1:0,Left-footed shot,Raphinha
UEFA Champions League ,Gruppenphase,10/1/24,Home,FC Barcelona,BSC Young Boys,5:0,CF,51',4:0,Header,Iñigo Martínez
LaLiga ,9,10/6/24,Away,FC Barcelona,Deportivo Alavés,0:3,CF,7',0:1,Header,Raphinha
LaLiga ,9,10/6/24,Away,FC Barcelona,Deportivo Alavés,0:3,CF,22',0:2,Counter attack goal,Raphinha
LaLiga ,9,10/6/24,Away,FC Barcelona,Deportivo Alavés,0:3,CF,32',0:3,Right-footed shot,Eric García
LaLiga ,10,10/20/24,Home,FC Barcelona,Sevilla FC,5:1,CF,24',1:0,Penalty,Not Applicable
LaLiga ,10,10/20/24,Home,FC Barcelona,Sevilla FC,5:1,CF,39',3:0,Right-footed shot,Raphinha
UEFA Champions League ,Gruppenphase,10/23/24,Home,FC Barcelona,Bayern Munich,4:1,CF,36',2:1,Right-footed shot,Fermín López
LaLiga ,11,10/26/24,Away,FC Barcelona,Real Madrid,0:4,CF,54',0:1,Right-footed shot,Marc Casadó
LaLiga ,11,10/26/24,Away,FC Barcelona,Real Madrid,0:4,CF,56',0:2,Header,Alejandro Balde
UEFA Champions League ,Gruppenphase,11/6/24,Away,FC Barcelona,Red Star Belgrade,2:5,CF,43',1:2,Left-footed shot,Not Applicable
UEFA Champions League ,Gruppenphase,11/6/24,Away,FC Barcelona,Red Star Belgrade,2:5,CF,53',1:3,Right-footed shot,Jules Koundé
LaLiga ,14,11/23/24,Away,FC Barcelona,Celta de Vigo,2:2,CF,61',0:2,Counter attack goal,Not Applicable
UEFA Champions League ,Gruppenphase,11/26/24,Home,FC Barcelona,Stade Brestois 29,3:0,CF,10',1:0,Penalty,Not Applicable
UEFA Champions League ,Gruppenphase,11/26/24,Home,FC Barcelona,Stade Brestois 29,3:0,CF,90'+2,3:0,Right-footed shot,Alejandro Balde
LaLiga ,16,12/7/24,Away,FC Barcelona,Real Betis Balompié,2:2,CF,39',0:1,Left-footed shot,Jules Koundé
Copa del Rey ,3.Runde,1/4/25,Away,FC Barcelona,UD Barbastro,0:4,CF,31',0:2,Header,Pablo Torre
Copa del Rey ,3.Runde,1/4/25,Away,FC Barcelona,UD Barbastro,0:4,CF,47',0:3,Right-footed shot,Pablo Torre
Supercopa ,Finale,1/12/25,Away,FC Barcelona,Real Madrid,2:5,CF,36',1:2,Penalty,Not Applicable
UEFA Champions League ,Gruppenphase,1/21/25,Away,FC Barcelona,SL Benfica,4:5,CF,13',1:1,Penalty,Not Applicable
UEFA Champions League ,Gruppenphase,1/21/25,Away,FC Barcelona,SL Benfica,4:5,CF,78',4:3,Penalty,Not Applicable
LaLiga ,21,1/26/25,Home,FC Barcelona,Valencia CF,7:1,CF,66',6:1,Right-footed shot,Fermín López
LaLiga ,22,2/2/25,Home,FC Barcelona,Deportivo Alavés,1:0,CF,61',1:0,Left-footed shot,Lamine Yamal
LaLiga ,23,2/9/25,Away,FC Barcelona,Sevilla FC,1:4,CF,7',0:1,Left-footed shot,Iñigo Martínez
LaLiga ,24,2/17/25,Home,FC Barcelona,Rayo Vallecano,1:0,CF,28',1:0,Penalty,Not Applicable
